plate,brand,model,teamName,technicianName,priority,status,category,description,symptoms,locationLabel,latitude,longitude,cost,reportedAt,assignedAt,startedAt,completedAt,dueDate
กท-4923,Nissan,Urvan,ทีม D (ภาคใต้),ช่างเอก,high,waiting_parts,แอร์,ยางแตกและแม็กดุ้งระหว่างทาง,พวงมาลัยสั่น,สนามบินสุวรรณภูมิ,13.665169,100.749561,0,2026-05-31T06:14:35.852Z,2026-05-31T08:21:50.839Z,2026-05-31T12:38:13.003Z,,2026-06-03T20:01:08.503Z
นว-9921,Ford,Ranger,ทีม B (ภาคเหนือ),ช่างกิตติ,low,reported,ตัวถัง,เบรกมีเสียงดังและเบรกไม่อยู่,เสียงดังเอี๊ยด,ทางหลวงหมายเลข 118 (ดอยสะเก็ด),18.908585,99.241514,0,2026-04-04T00:53:53.659Z,,,,2026-04-05T17:20:31.388Z
สข-8347,Mitsubishi,Pajero Sport,ทีม C (ภาคตะวันออก),ช่างนพดล,high,assigned,แอร์,เครื่องยนต์สตาร์ทไม่ติด สตาร์ทเตอร์เสีย,สตาร์ทเงียบ,นิคมอุตสาหกรรมแหลมฉบัง,13.080816,100.928148,0,2026-03-24T07:10:11.282Z,2026-03-24T08:00:22.559Z,,,2026-03-26T05:35:45.618Z
นว-2651,Ford,Ranger,ทีม E (ภาคอีสาน),ช่างมานะ,normal,cancelled,ช่วงล่าง,ระบบไฟหน้าช็อต หลอดขาดหมด,ไฟส่องสว่างไม่ทำงาน,มอเตอร์เวย์ ขาออก กม. 45,13.505215,100.999108,0,2026-03-28T22:32:35.334Z,2026-03-29T00:24:31.089Z,,,2026-04-01T11:29:19.827Z
ขก-3036,Ford,Ranger,ทีม D (ภาคใต้),ช่างสมชาย,urgent,assigned,ระบบไฟฟ้า,ความร้อนขึ้นสูง หม้อน้ำรั่ว,เกจความร้อนขึ้น H,ตึกสำนักงานใหญ่ สุขุมวิท,13.752556,100.542528,0,2026-06-05T08:30:59.908Z,2026-06-05T11:24:38.294Z,,,2026-06-09T07:10:02.308Z
สข-7080,Isuzu,Elf,ทีม C (ภาคตะวันออก),ช่างเอก,urgent,completed,เบรก,ความร้อนขึ้นสูง หม้อน้ำรั่ว,เกจความร้อนขึ้น H,สี่แยกปฐมพร ชุมพร,10.485335,99.173733,6850,2026-04-17T22:09:57.992Z,2026-04-18T00:28:02.044Z,2026-04-18T18:58:22.655Z,2026-04-18T23:09:36.060Z,2026-04-21T01:25:37.930Z
ชร-3641,Toyota,Fortuner,ทีม A (กรุงเทพฯ),ช่างสุชาติ,normal,cancelled,เบรก,แอร์ไม่เย็น คอมเพรสเซอร์ไม่ตัด,ลมร้อน,ตึกสำนักงานใหญ่ สุขุมวิท,13.752016,100.552619,0,2026-05-24T12:34:32.875Z,2026-05-24T14:44:36.088Z,,,2026-05-27T07:26:50.730Z
สข-1056,Ford,Ranger,ทีม A (กรุงเทพฯ),ช่างเอก,urgent,waiting_parts,เครื่องยนต์,แบตเตอรี่เสื่อม ไฟไม่พอสตาร์ท,ไฟหน้าปัดโชว์,จุดพักรถ ปตท. อยุธยา,14.238878,100.635865,0,2026-06-11T00:08:38.154Z,2026-06-11T01:24:18.804Z,2026-06-11T11:00:58.795Z,,2026-06-15T04:54:44.911Z
นว-9239,Toyota,Commuter,ทีม B (ภาคเหนือ),ช่างวิชัย,urgent,waiting_parts,เบรก,ระบบไฟหน้าช็อต หลอดขาดหมด,ไฟส่องสว่างไม่ทำงาน,มอเตอร์เวย์ ขาออก กม. 45,13.545166,100.981310,0,2026-05-26T18:32:56.915Z,2026-05-26T20:02:07.359Z,2026-05-26T21:28:35.106Z,,2026-05-27T20:35:58.234Z
นว-7093,Nissan,Navara,ทีม B (ภาคเหนือ),ช่างสุชาติ,urgent,waiting_parts,แอร์,แบตเตอรี่เสื่อม ไฟไม่พอสตาร์ท,ไฟหน้าปัดโชว์,ถนนมิตรภาพ โคราช,14.998985,102.075540,0,2026-06-10T19:41:13.255Z,2026-06-10T20:18:35.929Z,2026-06-11T04:33:09.079Z,,2026-06-13T03:28:59.957Z
กท-2116,Toyota,Commuter,ทีม E (ภาคอีสาน),ช่างมานะ,normal,assigned,ช่วงล่าง,น้ำมันเครื่องรั่วซึมใต้ท้องรถ,มีคราบน้ำมันพื้น,นิคมอุตสาหกรรมแหลมฉบัง,13.056131,100.933699,0,2026-05-31T03:43:48.061Z,2026-05-31T04:56:41.762Z,,,2026-06-02T11:01:32.309Z
สข-7827,Toyota,Hilux Revo,ทีม B (ภาคเหนือ),ช่างกิตติ,normal,assigned,เครื่องยนต์,เครื่องยนต์สตาร์ทไม่ติด สตาร์ทเตอร์เสีย,สตาร์ทเงียบ,นิคมอุตสาหกรรมบางปู,13.521186,100.664144,0,2026-04-29T07:52:13.187Z,2026-04-29T11:29:24.461Z,,,2026-04-30T16:52:50.326Z
ชร-1553,Mitsubishi,Pajero Sport,ทีม A (กรุงเทพฯ),ช่างเอก,low,in_progress,ตัวถัง,แบตเตอรี่เสื่อม ไฟไม่พอสตาร์ท,ไฟหน้าปัดโชว์,มอเตอร์เวย์ ขาออก กม. 45,13.511112,100.985955,0,2026-05-13T02:06:17.771Z,2026-05-13T02:50:29.679Z,2026-05-13T05:30:25.795Z,,2026-05-15T06:21:39.281Z
ชร-2868,Ford,Ranger,ทีม A (กรุงเทพฯ),ช่างเอก,low,waiting_parts,แอร์,ยางแตกและแม็กดุ้งระหว่างทาง,พวงมาลัยสั่น,สนามบินสุวรรณภูมิ,13.665481,100.747334,0,2026-03-25T07:31:19.793Z,2026-03-25T11:27:06.581Z,2026-03-25T18:44:03.653Z,,2026-03-28T11:06:08.439Z
สข-4348,Mitsubishi,Triton,ทีม E (ภาคอีสาน),ช่างกิตติ,urgent,completed,ระบบไฟฟ้า,สายพานขาดคาเครื่อง,เสียงดังปังในห้องเครื่อง,สนามบินสุวรรณภูมิ,13.682975,100.739986,5487,2026-04-08T20:19:55.918Z,2026-04-08T21:09:15.756Z,2026-04-09T17:36:07.582Z,2026-04-11T06:55:09.950Z,2026-04-11T13:02:11.086Z
ขก-2415,Ford,Everest,ทีม C (ภาคตะวันออก),ช่างสุชาติ,low,cancelled,ช่วงล่าง,น้ำมันเครื่องรั่วซึมใต้ท้องรถ,มีคราบน้ำมันพื้น,มอเตอร์เวย์ ขาออก กม. 45,13.504083,100.994981,0,2026-04-02T18:00:35.543Z,2026-04-02T21:06:14.339Z,,,2026-04-06T07:31:00.499Z
สข-4225,Ford,Everest,ทีม C (ภาคตะวันออก),ช่างเอก,normal,completed,ระบบไฟฟ้า,ระบบไฟหน้าช็อต หลอดขาดหมด,ไฟส่องสว่างไม่ทำงาน,สนามบินสุวรรณภูมิ,13.667933,100.756135,2595,2026-04-07T04:53:41.843Z,2026-04-07T06:55:05.645Z,2026-04-07T17:19:07.116Z,2026-04-07T23:47:02.087Z,2026-04-11T03:02:21.733Z
กท-3400,Nissan,Navara,ทีม E (ภาคอีสาน),ช่างกิตติ,low,completed,เบรก,เครื่องยนต์สตาร์ทไม่ติด สตาร์ทเตอร์เสีย,สตาร์ทเงียบ,ลานจอดรถ บิ๊กซี พระราม 4,13.709745,100.562904,4877,2026-05-02T08:53:40.878Z,2026-05-02T10:58:42.916Z,2026-05-03T04:56:28.524Z,2026-05-03T14:52:35.923Z,2026-05-07T01:54:02.567Z
ชร-2699,Nissan,Urvan,ทีม A (กรุงเทพฯ),ช่างวิชัย,high,assigned,ช่วงล่าง,สายพานขาดคาเครื่อง,เสียงดังปังในห้องเครื่อง,ลานจอดรถ บิ๊กซี พระราม 4,13.731028,100.590353,0,2026-03-29T21:26:17.927Z,2026-03-30T01:25:50.904Z,,,2026-04-02T11:24:57.866Z
สข-1093,Ford,Everest,ทีม C (ภาคตะวันออก),ช่างสุชาติ,urgent,in_progress,เบรก,สายพานขาดคาเครื่อง,เสียงดังปังในห้องเครื่อง,สี่แยกปฐมพร ชุมพร,10.504143,99.195256,0,2026-05-25T08:32:45.366Z,2026-05-25T09:55:36.352Z,2026-05-25T17:45:22.523Z,,2026-05-29T19:15:06.686Z
กท-8922,Isuzu,D-Max,ทีม D (ภาคใต้),ช่างนพดล,low,cancelled,เครื่องยนต์,เครื่องยนต์สตาร์ทไม่ติด สตาร์ทเตอร์เสีย,สตาร์ทเงียบ,ตึกสำนักงานใหญ่ สุขุมวิท,13.761517,100.550934,0,2026-03-20T19:30:08.424Z,2026-03-20T20:35:11.173Z,,,2026-03-22T02:12:06.583Z
สข-7495,Nissan,Navara,ทีม B (ภาคเหนือ),ช่างศักดิ์ชัย,normal,waiting_parts,ระบบไฟฟ้า,ระบบไฟหน้าช็อต หลอดขาดหมด,ไฟส่องสว่างไม่ทำงาน,สี่แยกปฐมพร ชุมพร,10.475985,99.174690,0,2026-06-03T07:36:14.290Z,2026-06-03T11:29:39.175Z,2026-06-04T05:43:01.059Z,,2026-06-06T04:42:53.462Z
นว-3562,Ford,Ranger,ทีม A (กรุงเทพฯ),ช่างสมชาย,low,waiting_parts,ช่วงล่าง,คลัตช์ลื่น เข้าเกียร์ไม่ได้,เหยียบคลัตช์จม,มอเตอร์เวย์ ขาออก กม. 45,13.539509,100.996862,0,2026-05-07T12:34:15.100Z,2026-05-07T15:53:15.663Z,2026-05-08T14:08:24.762Z,,2026-05-08T23:30:53.412Z
สข-7298,Mitsubishi,Triton,ทีม A (กรุงเทพฯ),ช่างสมชาย,urgent,in_progress,ช่วงล่าง,ยางแตกและแม็กดุ้งระหว่างทาง,พวงมาลัยสั่น,นิคมอุตสาหกรรมแหลมฉบัง,13.085498,100.933778,0,2026-04-25T22:09:30.112Z,2026-04-26T02:02:13.861Z,2026-04-26T02:27:30.591Z,,2026-04-27T08:55:23.726Z
กท-4125,Nissan,Urvan,ทีม E (ภาคอีสาน),ช่างกิตติ,high,reported,ระบบไฟฟ้า,ระบบไฟหน้าช็อต หลอดขาดหมด,ไฟส่องสว่างไม่ทำงาน,ตึกสำนักงานใหญ่ สุขุมวิท,13.735724,100.537234,0,2026-03-31T09:22:58.937Z,,,,2026-04-01T20:37:49.714Z
สข-8530,Ford,Everest,ทีม C (ภาคตะวันออก),ช่างวิชัย,normal,assigned,ระบบไฟฟ้า,ยางแตกและแม็กดุ้งระหว่างทาง,พวงมาลัยสั่น,มอเตอร์เวย์ ขาออก กม. 45,13.538216,100.997872,0,2026-03-30T22:07:02.204Z,2026-03-30T23:45:16.129Z,,,2026-04-04T11:19:30.225Z
ขก-1219,Mitsubishi,Triton,ทีม D (ภาคใต้),ช่างมานะ,urgent,waiting_parts,ตัวถัง,แอร์ไม่เย็น คอมเพรสเซอร์ไม่ตัด,ลมร้อน,จุดพักรถ ปตท. อยุธยา,14.232172,100.635900,0,2026-04-23T20:12:02.588Z,2026-04-23T22:04:59.624Z,2026-04-24T01:27:10.205Z,,2026-04-28T16:02:03.954Z
สข-4671,Mitsubishi,Triton,ทีม A (กรุงเทพฯ),ช่างกิตติ,normal,in_progress,ตัวถัง,เบรกมีเสียงดังและเบรกไม่อยู่,เสียงดังเอี๊ยด,สนามบินสุวรรณภูมิ,13.712611,100.739224,0,2026-05-14T23:42:37.873Z,2026-05-15T02:57:59.155Z,2026-05-15T04:07:34.073Z,,2026-05-18T02:12:08.793Z
ขก-5797,Toyota,Fortuner,ทีม B (ภาคเหนือ),ช่างวิชัย,low,completed,เครื่องยนต์,ความร้อนขึ้นสูง หม้อน้ำรั่ว,เกจความร้อนขึ้น H,ตึกสำนักงานใหญ่ สุขุมวิท,13.734894,100.536169,2582,2026-03-11T10:11:34.254Z,2026-03-11T10:46:58.098Z,2026-03-11T16:54:55.906Z,2026-03-12T17:09:40.667Z,2026-03-15T12:31:32.111Z
ขก-6843,Toyota,Commuter,ทีม B (ภาคเหนือ),ช่างเอก,normal,completed,เครื่องยนต์,แอร์ไม่เย็น คอมเพรสเซอร์ไม่ตัด,ลมร้อน,ลานจอดรถ บิ๊กซี พระราม 4,13.740144,100.581691,9779,2026-03-18T15:58:01.235Z,2026-03-18T17:53:29.389Z,2026-03-19T08:56:43.165Z,2026-03-20T15:45:00.805Z,2026-03-19T20:44:21.923Z
ชบ-4232,Ford,Everest,ทีม C (ภาคตะวันออก),ช่างนพดล,normal,reported,ตัวถัง,ยางแตกและแม็กดุ้งระหว่างทาง,พวงมาลัยสั่น,ตึกสำนักงานใหญ่ สุขุมวิท,13.717724,100.536968,0,2026-05-23T05:30:18.315Z,,,,2026-05-27T04:57:11.732Z
ขก-8221,Ford,Everest,ทีม B (ภาคเหนือ),ช่างมานะ,urgent,reported,เครื่องยนต์,เครื่องยนต์สตาร์ทไม่ติด สตาร์ทเตอร์เสีย,สตาร์ทเงียบ,ลานจอดรถ บิ๊กซี พระราม 4,13.695398,100.571670,0,2026-05-26T12:15:43.282Z,,,,2026-05-27T23:07:21.345Z
สข-1955,Ford,Ranger,ทีม C (ภาคตะวันออก),ช่างมานะ,low,waiting_parts,ช่วงล่าง,ระบบไฟหน้าช็อต หลอดขาดหมด,ไฟส่องสว่างไม่ทำงาน,ทางหลวงหมายเลข 118 (ดอยสะเก็ด),18.914336,99.249960,0,2026-05-08T01:53:40.766Z,2026-05-08T03:07:21.098Z,2026-05-08T03:37:01.179Z,,2026-05-12T21:49:56.914Z
นว-6659,Isuzu,MU-X,ทีม C (ภาคตะวันออก),ช่างศักดิ์ชัย,normal,reported,เบรก,แบตเตอรี่เสื่อม ไฟไม่พอสตาร์ท,ไฟหน้าปัดโชว์,จุดพักรถ ปตท. อยุธยา,14.234929,100.636435,0,2026-04-06T15:47:35.435Z,,,,2026-04-08T10:11:27.325Z
ขก-5005,Toyota,Hilux Revo,ทีม E (ภาคอีสาน),ช่างสมชาย,low,in_progress,เครื่องยนต์,แอร์ไม่เย็น คอมเพรสเซอร์ไม่ตัด,ลมร้อน,นิคมอุตสาหกรรมบางปู,13.533546,100.628547,0,2026-03-12T19:29:17.076Z,2026-03-12T20:06:33.052Z,2026-03-13T14:16:59.059Z,,2026-03-16T07:30:02.377Z
สข-2433,Isuzu,D-Max,ทีม D (ภาคใต้),ช่างกิตติ,high,waiting_parts,แอร์,เครื่องยนต์สตาร์ทไม่ติด สตาร์ทเตอร์เสีย,สตาร์ทเงียบ,สนามบินสุวรรณภูมิ,13.709579,100.766398,0,2026-03-14T09:46:32.567Z,2026-03-14T10:21:09.866Z,2026-03-15T09:53:14.233Z,,2026-03-19T03:07:43.034Z
นว-8929,Ford,Everest,ทีม B (ภาคเหนือ),ช่างวิชัย,normal,assigned,เครื่องยนต์,เบรกมีเสียงดังและเบรกไม่อยู่,เสียงดังเอี๊ยด,สนามบินสุวรรณภูมิ,13.665454,100.765173,0,2026-05-31T21:46:09.799Z,2026-06-01T01:44:40.105Z,,,2026-06-04T10:13:53.673Z
ชบ-2932,Isuzu,Elf,ทีม C (ภาคตะวันออก),ช่างเอก,low,reported,แอร์,น้ำมันเครื่องรั่วซึมใต้ท้องรถ,มีคราบน้ำมันพื้น,ถนนมิตรภาพ โคราช,14.989138,102.084123,0,2026-05-29T03:01:42.918Z,,,,2026-05-30T22:25:32.739Z
กท-7792,Isuzu,Elf,ทีม A (กรุงเทพฯ),ช่างสุชาติ,low,cancelled,เครื่องยนต์,สายพานขาดคาเครื่อง,เสียงดังปังในห้องเครื่อง,สี่แยกปฐมพร ชุมพร,10.477559,99.202529,0,2026-03-20T19:27:49.305Z,2026-03-20T21:03:04.213Z,,,2026-03-22T07:00:13.979Z
ขก-2952,Toyota,Commuter,ทีม C (ภาคตะวันออก),ช่างศักดิ์ชัย,high,waiting_parts,เครื่องยนต์,แบตเตอรี่เสื่อม ไฟไม่พอสตาร์ท,ไฟหน้าปัดโชว์,ถนนมิตรภาพ โคราช,14.975123,102.121718,0,2026-06-03T15:12:42.706Z,2026-06-03T18:31:56.990Z,2026-06-04T15:08:34.160Z,,2026-06-07T09:15:08.287Z
ขก-1312,Toyota,Commuter,ทีม E (ภาคอีสาน),ช่างสมชาย,low,reported,ตัวถัง,ความร้อนขึ้นสูง หม้อน้ำรั่ว,เกจความร้อนขึ้น H,มอเตอร์เวย์ ขาออก กม. 45,13.508490,101.016203,0,2026-04-10T20:42:16.217Z,,,,2026-04-15T12:37:24.082Z
สข-1788,Ford,Ranger,ทีม E (ภาคอีสาน),ช่างสมชาย,normal,reported,แอร์,แบตเตอรี่เสื่อม ไฟไม่พอสตาร์ท,ไฟหน้าปัดโชว์,ทางหลวงหมายเลข 118 (ดอยสะเก็ด),18.933501,99.235970,0,2026-05-13T18:08:27.141Z,,,,2026-05-15T07:12:12.300Z
สข-6767,Ford,Everest,ทีม C (ภาคตะวันออก),ช่างวิชัย,normal,waiting_parts,เบรก,ยางแตกและแม็กดุ้งระหว่างทาง,พวงมาลัยสั่น,ถนนมิตรภาพ โคราช,14.969936,102.099154,0,2026-05-06T01:43:17.294Z,2026-05-06T03:54:23.581Z,2026-05-06T08:19:01.030Z,,2026-05-10T11:34:37.837Z
กท-7529,Ford,Ranger,ทีม D (ภาคใต้),ช่างกิตติ,high,reported,แอร์,เครื่องยนต์สตาร์ทไม่ติด สตาร์ทเตอร์เสีย,สตาร์ทเงียบ,นิคมอุตสาหกรรมบางปู,13.514457,100.621735,0,2026-05-16T06:44:47.513Z,,,,2026-05-21T04:40:36.197Z
ชบ-1736,Ford,Everest,ทีม D (ภาคใต้),ช่างสมชาย,high,cancelled,เบรก,ยางแตกและแม็กดุ้งระหว่างทาง,พวงมาลัยสั่น,ทางหลวงหมายเลข 118 (ดอยสะเก็ด),18.906505,99.241326,0,2026-04-24T13:21:52.222Z,2026-04-24T17:21:38.513Z,,,2026-04-29T13:03:17.537Z
ชร-9274,Isuzu,D-Max,ทีม C (ภาคตะวันออก),ช่างสมชาย,high,waiting_parts,ระบบไฟฟ้า,ระบบไฟหน้าช็อต หลอดขาดหมด,ไฟส่องสว่างไม่ทำงาน,สี่แยกปฐมพร ชุมพร,10.497311,99.163371,0,2026-04-09T08:20:53.994Z,2026-04-09T08:48:13.593Z,2026-04-09T14:45:37.753Z,,2026-04-12T22:03:38.637Z
ขก-3284,Nissan,Urvan,ทีม B (ภาคเหนือ),ช่างมานะ,high,reported,แอร์,ความร้อนขึ้นสูง หม้อน้ำรั่ว,เกจความร้อนขึ้น H,ลานจอดรถ บิ๊กซี พระราม 4,13.728271,100.583183,0,2026-03-29T00:07:13.981Z,,,,2026-04-01T00:31:21.477Z
สข-3533,Ford,Everest,ทีม B (ภาคเหนือ),ช่างวิชัย,low,waiting_parts,เบรก,ระบบไฟหน้าช็อต หลอดขาดหมด,ไฟส่องสว่างไม่ทำงาน,ทางหลวงหมายเลข 118 (ดอยสะเก็ด),18.922599,99.275869,0,2026-04-18T14:08:36.252Z,2026-04-18T16:18:07.927Z,2026-04-19T00:43:10.848Z,,2026-04-20T11:24:48.324Z
สข-8194,Nissan,Navara,ทีม A (กรุงเทพฯ),ช่างวิชัย,high,reported,เครื่องยนต์,เบรกมีเสียงดังและเบรกไม่อยู่,เสียงดังเอี๊ยด,มอเตอร์เวย์ ขาออก กม. 45,13.514456,100.986219,0,2026-04-26T23:13:34.500Z,,,,2026-04-30T16:58:27.303Z
ชบ-6464,Isuzu,MU-X,ทีม C (ภาคตะวันออก),ช่างกิตติ,high,in_progress,เบรก,แอร์ไม่เย็น คอมเพรสเซอร์ไม่ตัด,ลมร้อน,ถนนมิตรภาพ โคราช,14.992791,102.076866,0,2026-03-15T16:24:27.640Z,2026-03-15T16:44:23.599Z,2026-03-16T09:06:51.618Z,,2026-03-19T07:30:36.767Z
ขก-4477,Mitsubishi,Triton,ทีม D (ภาคใต้),ช่างศักดิ์ชัย,high,cancelled,ระบบไฟฟ้า,ความร้อนขึ้นสูง หม้อน้ำรั่ว,เกจความร้อนขึ้น H,ลานจอดรถ บิ๊กซี พระราม 4,13.701363,100.563036,0,2026-03-19T07:05:42.005Z,2026-03-19T07:22:50.056Z,,,2026-03-21T19:23:46.811Z
ชบ-3373,Toyota,Commuter,ทีม B (ภาคเหนือ),ช่างศักดิ์ชัย,low,completed,เครื่องยนต์,เครื่องยนต์สตาร์ทไม่ติด สตาร์ทเตอร์เสีย,สตาร์ทเงียบ,นิคมอุตสาหกรรมบางปู,13.549401,100.658005,4135,2026-04-12T06:53:28.110Z,2026-04-12T10:05:39.697Z,2026-04-12T21:16:54.129Z,2026-04-14T10:01:42.129Z,2026-04-14T05:37:45.277Z
นว-7036,Ford,Everest,ทีม C (ภาคตะวันออก),ช่างนพดล,high,cancelled,เครื่องยนต์,ระบบไฟหน้าช็อต หลอดขาดหมด,ไฟส่องสว่างไม่ทำงาน,ลานจอดรถ บิ๊กซี พระราม 4,13.708319,100.552859,0,2026-04-21T14:34:21.059Z,2026-04-21T14:51:52.174Z,,,2026-04-23T14:47:17.531Z
นว-1746,Toyota,Hilux Revo,ทีม B (ภาคเหนือ),ช่างสมชาย,urgent,in_progress,เบรก,สายพานขาดคาเครื่อง,เสียงดังปังในห้องเครื่อง,ตึกสำนักงานใหญ่ สุขุมวิท,13.729649,100.574623,0,2026-04-25T17:58:30.123Z,2026-04-25T19:34:05.643Z,2026-04-26T15:13:26.245Z,,2026-04-29T08:57:21.571Z
ชร-5511,Ford,Ranger,ทีม D (ภาคใต้),ช่างวิชัย,high,cancelled,เครื่องยนต์,น้ำมันเครื่องรั่วซึมใต้ท้องรถ,มีคราบน้ำมันพื้น,จุดพักรถ ปตท. อยุธยา,14.248186,100.619062,0,2026-04-22T22:38:20.251Z,2026-04-23T01:26:30.818Z,,,2026-04-26T19:35:56.414Z
ชบ-9830,Ford,Ranger,ทีม D (ภาคใต้),ช่างวิชัย,normal,waiting_parts,แอร์,คลัตช์ลื่น เข้าเกียร์ไม่ได้,เหยียบคลัตช์จม,ทางหลวงหมายเลข 118 (ดอยสะเก็ด),18.920474,99.255474,0,2026-03-25T08:36:46.149Z,2026-03-25T10:25:03.448Z,2026-03-25T21:23:08.322Z,,2026-03-26T13:06:29.723Z
ขก-8520,Ford,Ranger,ทีม D (ภาคใต้),ช่างวิชัย,urgent,in_progress,ช่วงล่าง,ระบบไฟหน้าช็อต หลอดขาดหมด,ไฟส่องสว่างไม่ทำงาน,ตึกสำนักงานใหญ่ สุขุมวิท,13.756091,100.576206,0,2026-05-24T02:24:25.989Z,2026-05-24T04:28:32.074Z,2026-05-24T21:07:08.913Z,,2026-05-25T10:59:49.840Z
สข-4008,Mitsubishi,Triton,ทีม E (ภาคอีสาน),ช่างสุชาติ,normal,assigned,ระบบไฟฟ้า,คลัตช์ลื่น เข้าเกียร์ไม่ได้,เหยียบคลัตช์จม,นิคมอุตสาหกรรมบางปู,13.535148,100.659449,0,2026-04-13T13:29:04.952Z,2026-04-13T14:25:36.883Z,,,2026-04-17T07:04:41.953Z
กท-5107,Nissan,Urvan,ทีม B (ภาคเหนือ),ช่างศักดิ์ชัย,normal,completed,ตัวถัง,ยางแตกและแม็กดุ้งระหว่างทาง,พวงมาลัยสั่น,สี่แยกปฐมพร ชุมพร,10.488531,99.159165,2058,2026-03-20T07:56:15.695Z,2026-03-20T09:12:14.870Z,2026-03-20T20:32:44.925Z,2026-03-20T23:35:25.357Z,2026-03-21T08:57:48.916Z
สข-1255,Mitsubishi,Pajero Sport,ทีม E (ภาคอีสาน),ช่างเอก,low,cancelled,เบรก,ยางแตกและแม็กดุ้งระหว่างทาง,พวงมาลัยสั่น,นิคมอุตสาหกรรมบางปู,13.550938,100.639292,0,2026-05-23T18:29:42.450Z,2026-05-23T21:20:38.714Z,,,2026-05-26T11:58:29.176Z
กท-7893,Mitsubishi,Pajero Sport,ทีม C (ภาคตะวันออก),ช่างสมชาย,low,assigned,ระบบไฟฟ้า,แบตเตอรี่เสื่อม ไฟไม่พอสตาร์ท,ไฟหน้าปัดโชว์,ถนนมิตรภาพ โคราช,14.994274,102.076043,0,2026-03-30T02:57:26.058Z,2026-03-30T06:26:16.123Z,,,2026-04-02T12:23:25.501Z
นว-3900,Nissan,Navara,ทีม D (ภาคใต้),ช่างศักดิ์ชัย,normal,waiting_parts,ตัวถัง,น้ำมันเครื่องรั่วซึมใต้ท้องรถ,มีคราบน้ำมันพื้น,สี่แยกปฐมพร ชุมพร,10.481739,99.202070,0,2026-03-27T06:03:36.684Z,2026-03-27T06:11:17.533Z,2026-03-28T05:41:21.735Z,,2026-03-30T21:57:50.249Z
ขก-5988,Ford,Ranger,ทีม B (ภาคเหนือ),ช่างสุชาติ,normal,assigned,เครื่องยนต์,แบตเตอรี่เสื่อม ไฟไม่พอสตาร์ท,ไฟหน้าปัดโชว์,นิคมอุตสาหกรรมแหลมฉบัง,13.055843,100.924041,0,2026-04-26T12:21:50.466Z,2026-04-26T14:57:29.453Z,,,2026-04-29T07:39:03.812Z
นว-3675,Mitsubishi,Pajero Sport,ทีม B (ภาคเหนือ),ช่างนพดล,urgent,cancelled,เบรก,ระบบไฟหน้าช็อต หลอดขาดหมด,ไฟส่องสว่างไม่ทำงาน,มอเตอร์เวย์ ขาออก กม. 45,13.517012,100.999000,0,2026-03-25T20:30:16.715Z,2026-03-25T21:04:31.500Z,,,2026-03-27T08:02:03.746Z
ชบ-4853,Nissan,Navara,ทีม A (กรุงเทพฯ),ช่างศักดิ์ชัย,normal,waiting_parts,ช่วงล่าง,น้ำมันเครื่องรั่วซึมใต้ท้องรถ,มีคราบน้ำมันพื้น,ลานจอดรถ บิ๊กซี พระราม 4,13.742262,100.570791,0,2026-05-10T07:27:16.732Z,2026-05-10T08:54:29.442Z,2026-05-11T07:10:22.001Z,,2026-05-11T10:58:31.897Z
ชบ-3283,Ford,Everest,ทีม B (ภาคเหนือ),ช่างนพดล,low,cancelled,ระบบไฟฟ้า,ยางแตกและแม็กดุ้งระหว่างทาง,พวงมาลัยสั่น,จุดพักรถ ปตท. อยุธยา,14.226594,100.633542,0,2026-03-25T13:12:50.254Z,2026-03-25T15:58:05.766Z,,,2026-03-27T18:38:41.269Z
ขก-3153,Isuzu,D-Max,ทีม B (ภาคเหนือ),ช่างสมชาย,normal,completed,ตัวถัง,ความร้อนขึ้นสูง หม้อน้ำรั่ว,เกจความร้อนขึ้น H,มอเตอร์เวย์ ขาออก กม. 45,13.532211,100.981496,4090,2026-03-18T08:55:42.705Z,2026-03-18T09:29:18.842Z,2026-03-19T03:36:14.058Z,2026-03-21T03:07:46.331Z,2026-03-21T02:10:34.523Z
ขก-7334,Ford,Ranger,ทีม E (ภาคอีสาน),ช่างศักดิ์ชัย,normal,cancelled,ระบบไฟฟ้า,ระบบไฟหน้าช็อต หลอดขาดหมด,ไฟส่องสว่างไม่ทำงาน,ตึกสำนักงานใหญ่ สุขุมวิท,13.743130,100.549060,0,2026-03-16T23:22:49.303Z,2026-03-17T02:46:16.423Z,,,2026-03-21T17:28:08.087Z
ชร-9626,Mitsubishi,Pajero Sport,ทีม A (กรุงเทพฯ),ช่างมานะ,high,assigned,เบรก,แบตเตอรี่เสื่อม ไฟไม่พอสตาร์ท,ไฟหน้าปัดโชว์,สนามบินสุวรรณภูมิ,13.678754,100.734074,0,2026-05-08T04:15:32.288Z,2026-05-08T04:22:57.011Z,,,2026-05-11T19:00:23.162Z
นว-6974,Toyota,Hilux Revo,ทีม B (ภาคเหนือ),ช่างมานะ,urgent,waiting_parts,ตัวถัง,ยางแตกและแม็กดุ้งระหว่างทาง,พวงมาลัยสั่น,นิคมอุตสาหกรรมแหลมฉบัง,13.071365,100.894922,0,2026-05-01T19:41:11.943Z,2026-05-01T21:42:27.399Z,2026-05-01T21:42:55.072Z,,2026-05-04T06:22:23.311Z
สข-9605,Nissan,Navara,ทีม E (ภาคอีสาน),ช่างศักดิ์ชัย,low,waiting_parts,ระบบไฟฟ้า,สายพานขาดคาเครื่อง,เสียงดังปังในห้องเครื่อง,สี่แยกปฐมพร ชุมพร,10.506313,99.191420,0,2026-04-26T01:27:24.897Z,2026-04-26T04:20:24.973Z,2026-04-26T23:19:45.958Z,,2026-04-27T19:02:29.215Z
ขก-2725,Toyota,Fortuner,ทีม C (ภาคตะวันออก),ช่างนพดล,low,reported,ตัวถัง,ความร้อนขึ้นสูง หม้อน้ำรั่ว,เกจความร้อนขึ้น H,ตึกสำนักงานใหญ่ สุขุมวิท,13.731450,100.537053,0,2026-03-27T12:42:51.456Z,,,,2026-03-28T19:33:03.421Z
ชร-1075,Nissan,Navara,ทีม B (ภาคเหนือ),ช่างสุชาติ,normal,completed,ระบบไฟฟ้า,สายพานขาดคาเครื่อง,เสียงดังปังในห้องเครื่อง,ทางหลวงหมายเลข 118 (ดอยสะเก็ด),18.892320,99.281085,3633,2026-04-15T08:20:14.848Z,2026-04-15T11:31:22.025Z,2026-04-16T00:32:28.225Z,2026-04-17T01:36:01.430Z,2026-04-18T14:08:37.109Z
นว-9443,Nissan,Urvan,ทีม C (ภาคตะวันออก),ช่างวิชัย,urgent,waiting_parts,ระบบไฟฟ้า,น้ำมันเครื่องรั่วซึมใต้ท้องรถ,มีคราบน้ำมันพื้น,สี่แยกปฐมพร ชุมพร,10.480140,99.163201,0,2026-04-02T10:59:54.984Z,2026-04-02T11:30:44.160Z,2026-04-03T03:55:52.306Z,,2026-04-04T21:34:39.637Z
ขก-5486,Nissan,Urvan,ทีม D (ภาคใต้),ช่างนพดล,urgent,assigned,ตัวถัง,เครื่องยนต์สตาร์ทไม่ติด สตาร์ทเตอร์เสีย,สตาร์ทเงียบ,มอเตอร์เวย์ ขาออก กม. 45,13.540664,101.020277,0,2026-04-09T16:58:39.625Z,2026-04-09T17:48:53.774Z,,,2026-04-10T20:01:28.355Z
ชบ-3689,Isuzu,Elf,ทีม E (ภาคอีสาน),ช่างนพดล,low,in_progress,ช่วงล่าง,เบรกมีเสียงดังและเบรกไม่อยู่,เสียงดังเอี๊ยด,จุดพักรถ ปตท. อยุธยา,14.254799,100.631546,0,2026-04-11T14:54:55.226Z,2026-04-11T17:52:53.697Z,2026-04-12T15:57:20.704Z,,2026-04-14T12:51:27.884Z
ขก-5567,Mitsubishi,Triton,ทีม A (กรุงเทพฯ),ช่างศักดิ์ชัย,urgent,completed,แอร์,คลัตช์ลื่น เข้าเกียร์ไม่ได้,เหยียบคลัตช์จม,นิคมอุตสาหกรรมบางปู,13.516040,100.632769,3582,2026-04-13T14:18:38.378Z,2026-04-13T16:31:18.543Z,2026-04-14T00:24:27.025Z,2026-04-14T10:26:35.449Z,2026-04-18T03:58:03.088Z
กท-1384,Ford,Ranger,ทีม C (ภาคตะวันออก),ช่างกิตติ,low,cancelled,แอร์,ความร้อนขึ้นสูง หม้อน้ำรั่ว,เกจความร้อนขึ้น H,จุดพักรถ ปตท. อยุธยา,14.238018,100.629191,0,2026-03-23T21:10:47.838Z,2026-03-23T22:22:52.361Z,,,2026-03-27T22:54:24.942Z
ชบ-7378,Isuzu,Elf,ทีม D (ภาคใต้),ช่างกิตติ,low,cancelled,ระบบไฟฟ้า,ความร้อนขึ้นสูง หม้อน้ำรั่ว,เกจความร้อนขึ้น H,สนามบินสุวรรณภูมิ,13.694903,100.746873,0,2026-04-06T07:16:42.483Z,2026-04-06T07:41:27.371Z,,,2026-04-09T22:20:59.503Z
ขก-8556,Ford,Ranger,ทีม A (กรุงเทพฯ),ช่างนพดล,low,waiting_parts,เบรก,ระบบไฟหน้าช็อต หลอดขาดหมด,ไฟส่องสว่างไม่ทำงาน,ถนนมิตรภาพ โคราช,14.979781,102.116737,0,2026-03-29T20:39:33.290Z,2026-03-29T21:36:52.493Z,2026-03-30T07:38:39.056Z,,2026-04-03T15:14:49.221Z
ชร-7730,Mitsubishi,Pajero Sport,ทีม E (ภาคอีสาน),ช่างเอก,urgent,cancelled,แอร์,แอร์ไม่เย็น คอมเพรสเซอร์ไม่ตัด,ลมร้อน,มอเตอร์เวย์ ขาออก กม. 45,13.536754,101.010962,0,2026-04-14T04:12:24.487Z,2026-04-14T07:44:56.301Z,,,2026-04-18T23:06:27.069Z
ขก-4069,Ford,Ranger,ทีม C (ภาคตะวันออก),ช่างสมชาย,normal,in_progress,ช่วงล่าง,ยางแตกและแม็กดุ้งระหว่างทาง,พวงมาลัยสั่น,สี่แยกปฐมพร ชุมพร,10.508940,99.201510,0,2026-03-18T04:39:49.642Z,2026-03-18T07:19:34.465Z,2026-03-19T05:21:43.625Z,,2026-03-22T11:13:17.222Z
สข-3769,Isuzu,Elf,ทีม D (ภาคใต้),ช่างสมชาย,low,in_progress,เบรก,น้ำมันเครื่องรั่วซึมใต้ท้องรถ,มีคราบน้ำมันพื้น,ลานจอดรถ บิ๊กซี พระราม 4,13.725427,100.564143,0,2026-05-10T17:21:44.781Z,2026-05-10T18:37:17.373Z,2026-05-11T12:37:11.885Z,,2026-05-14T11:06:48.849Z
ขก-1299,Toyota,Hilux Revo,ทีม E (ภาคอีสาน),ช่างสมชาย,urgent,in_progress,เครื่องยนต์,ยางแตกและแม็กดุ้งระหว่างทาง,พวงมาลัยสั่น,ตึกสำนักงานใหญ่ สุขุมวิท,13.727874,100.552471,0,2026-04-11T19:53:29.099Z,2026-04-11T22:11:25.750Z,2026-04-12T13:56:36.227Z,,2026-04-14T19:15:10.189Z
สข-8424,Nissan,Urvan,ทีม A (กรุงเทพฯ),ช่างนพดล,low,completed,แอร์,แบตเตอรี่เสื่อม ไฟไม่พอสตาร์ท,ไฟหน้าปัดโชว์,มอเตอร์เวย์ ขาออก กม. 45,13.522268,100.988311,8105,2026-05-28T18:27:16.855Z,2026-05-28T20:02:23.853Z,2026-05-29T16:51:45.775Z,2026-05-30T13:41:27.275Z,2026-05-31T08:46:33.668Z
ชร-9657,Ford,Ranger,ทีม E (ภาคอีสาน),ช่างกิตติ,urgent,assigned,เบรก,คลัตช์ลื่น เข้าเกียร์ไม่ได้,เหยียบคลัตช์จม,สี่แยกปฐมพร ชุมพร,10.511172,99.183937,0,2026-06-04T02:13:51.023Z,2026-06-04T04:07:12.324Z,,,2026-06-05T05:03:02.862Z
ชบ-1625,Mitsubishi,Triton,ทีม C (ภาคตะวันออก),ช่างสมชาย,high,assigned,แอร์,เครื่องยนต์สตาร์ทไม่ติด สตาร์ทเตอร์เสีย,สตาร์ทเงียบ,สี่แยกปฐมพร ชุมพร,10.497536,99.186099,0,2026-03-12T02:11:38.580Z,2026-03-12T04:07:37.124Z,,,2026-03-15T11:43:21.714Z
นว-3247,Ford,Ranger,ทีม B (ภาคเหนือ),ช่างกิตติ,urgent,assigned,ระบบไฟฟ้า,น้ำมันเครื่องรั่วซึมใต้ท้องรถ,มีคราบน้ำมันพื้น,นิคมอุตสาหกรรมบางปู,13.536910,100.660166,0,2026-05-09T02:30:21.141Z,2026-05-09T03:23:17.563Z,,,2026-05-13T10:36:32.423Z
กท-1110,Mitsubishi,Pajero Sport,ทีม D (ภาคใต้),ช่างสมชาย,normal,in_progress,เครื่องยนต์,ระบบไฟหน้าช็อต หลอดขาดหมด,ไฟส่องสว่างไม่ทำงาน,จุดพักรถ ปตท. อยุธยา,14.226639,100.642121,0,2026-04-26T13:56:03.046Z,2026-04-26T16:25:55.636Z,2026-04-27T04:17:19.049Z,,2026-04-29T22:27:17.766Z
กท-1850,Ford,Everest,ทีม E (ภาคอีสาน),ช่างนพดล,normal,in_progress,ช่วงล่าง,เครื่องยนต์สตาร์ทไม่ติด สตาร์ทเตอร์เสีย,สตาร์ทเงียบ,นิคมอุตสาหกรรมแหลมฉบัง,13.082576,100.907905,0,2026-04-02T12:34:08.886Z,2026-04-02T12:47:16.476Z,2026-04-03T02:14:46.988Z,,2026-04-06T10:42:33.632Z
ขก-6774,Nissan,Navara,ทีม E (ภาคอีสาน),ช่างวิชัย,high,reported,เบรก,ยางแตกและแม็กดุ้งระหว่างทาง,พวงมาลัยสั่น,นิคมอุตสาหกรรมแหลมฉบัง,13.103383,100.907857,0,2026-04-03T07:31:26.022Z,,,,2026-04-08T01:57:28.509Z
กท-9459,Toyota,Commuter,ทีม D (ภาคใต้),ช่างวิชัย,urgent,assigned,เบรก,เบรกมีเสียงดังและเบรกไม่อยู่,เสียงดังเอี๊ยด,นิคมอุตสาหกรรมแหลมฉบัง,13.066160,100.940286,0,2026-06-04T12:57:40.214Z,2026-06-04T16:48:22.141Z,,,2026-06-07T11:44:24.737Z
กท-2049,Nissan,Navara,ทีม E (ภาคอีสาน),ช่างกิตติ,low,waiting_parts,ช่วงล่าง,แอร์ไม่เย็น คอมเพรสเซอร์ไม่ตัด,ลมร้อน,ลานจอดรถ บิ๊กซี พระราม 4,13.720530,100.581407,0,2026-06-07T10:43:05.961Z,2026-06-07T12:58:33.711Z,2026-06-07T21:49:18.998Z,,2026-06-10T05:04:18.230Z
กท-6572,Toyota,Fortuner,ทีม E (ภาคอีสาน),ช่างกิตติ,low,cancelled,ตัวถัง,ระบบไฟหน้าช็อต หลอดขาดหมด,ไฟส่องสว่างไม่ทำงาน,ถนนมิตรภาพ โคราช,14.989231,102.078718,0,2026-03-17T19:40:46.647Z,2026-03-17T21:03:38.382Z,,,2026-03-22T02:51:45.313Z
ชบ-8608,Nissan,Urvan,ทีม A (กรุงเทพฯ),ช่างเอก,normal,completed,ตัวถัง,สายพานขาดคาเครื่อง,เสียงดังปังในห้องเครื่อง,ถนนมิตรภาพ โคราช,14.959104,102.118887,1673,2026-04-24T04:16:09.269Z,2026-04-24T07:23:34.986Z,2026-04-25T05:37:16.655Z,2026-04-25T12:38:05.648Z,2026-04-27T19:38:58.559Z
กท-7774,Ford,Everest,ทีม A (กรุงเทพฯ),ช่างเอก,urgent,cancelled,ระบบไฟฟ้า,เบรกมีเสียงดังและเบรกไม่อยู่,เสียงดังเอี๊ยด,นิคมอุตสาหกรรมแหลมฉบัง,13.090780,100.925104,0,2026-05-07T21:23:01.674Z,2026-05-08T01:12:43.618Z,,,2026-05-11T04:45:45.980Z
ชร-2002,Isuzu,D-Max,ทีม A (กรุงเทพฯ),ช่างมานะ,low,in_progress,เครื่องยนต์,น้ำมันเครื่องรั่วซึมใต้ท้องรถ,มีคราบน้ำมันพื้น,จุดพักรถ ปตท. อยุธยา,14.244554,100.611414,0,2026-04-22T21:49:46.332Z,2026-04-22T22:20:46.014Z,2026-04-23T13:15:26.759Z,,2026-04-27T04:44:54.957Z
สข-8598,Ford,Ranger,ทีม D (ภาคใต้),ช่างกิตติ,urgent,completed,ระบบไฟฟ้า,แอร์ไม่เย็น คอมเพรสเซอร์ไม่ตัด,ลมร้อน,ทางหลวงหมายเลข 118 (ดอยสะเก็ด),18.928291,99.252955,8851,2026-06-08T20:48:22.580Z,2026-06-08T21:55:26.348Z,2026-06-08T22:23:46.918Z,2026-06-10T08:08:34.248Z,2026-06-12T18:02:29.963Z
ขก-4561,Toyota,Commuter,ทีม C (ภาคตะวันออก),ช่างมานะ,urgent,assigned,ระบบไฟฟ้า,ระบบไฟหน้าช็อต หลอดขาดหมด,ไฟส่องสว่างไม่ทำงาน,จุดพักรถ ปตท. อยุธยา,14.227946,100.624870,0,2026-04-23T18:23:27.340Z,2026-04-23T19:34:39.782Z,,,2026-04-25T18:05:34.312Z
ชร-3033,Isuzu,MU-X,ทีม D (ภาคใต้),ช่างกิตติ,low,cancelled,ตัวถัง,สายพานขาดคาเครื่อง,เสียงดังปังในห้องเครื่อง,ถนนมิตรภาพ โคราช,14.998287,102.116529,0,2026-03-18T15:44:08.174Z,2026-03-18T19:28:13.298Z,,,2026-03-22T16:03:13.782Z
