plate,brand,model,projectId,projectName,workshopName,technicianName,priority,status,category,description,symptoms,reportedAt,assignedAt,acceptedAt,startedAt,completedAt,dueDate,locationLabel,cost
"หฐ-8180","Toyota","Vios","100","จุดบริการลูกค้า 0","อู่ช่างวิทย์ปทุม","ช่างวิทย์","normal","completed","บำรุงรักษาทั่วไป","ซ่อมบำรุงรักษาทั่วไป","ตรวจเช็คบำรุงรักษาทั่วไป","2026-05-25T00:00:00Z","2026-05-25T00:23:00Z","2026-05-25T00:27:00Z","2026-05-25T00:47:00Z","2026-05-29T10:47:00Z","2026-05-29T00:47:00Z","ช่อง 4","2600"
"ฅฌ-2759","Honda","Civic","101","จุดบริการลูกค้า 1","ศูนย์ฮอนด้าลาดพร้าว","ช่างเอก","normal","completed","ระบบเครื่องยนต์","ซ่อมระบบเครื่องยนต์","ตรวจเช็คระบบเครื่องยนต์","2026-06-02T00:00:00Z","2026-06-02T00:12:00Z","2026-06-02T00:22:00Z","2026-06-02T00:40:00Z","2026-06-03T16:39:00Z","2026-06-07T00:40:00Z","ลาน 1","900"
"ศจ-6659","Honda","CR-V","102","จุดบริการลูกค้า 2","อู่ช่างนิวรังสิต","ช่างนิว","normal","completed","บำรุงรักษาทั่วไป","ซ่อมบำรุงรักษาทั่วไป","ตรวจเช็คบำรุงรักษาทั่วไป","2026-05-29T00:00:00Z","2026-05-29T00:24:00Z","2026-05-29T00:32:00Z","2026-05-29T00:39:00Z","2026-05-29T18:33:00Z","2026-05-31T00:39:00Z","ช่อง 4","500"
"ดฏ-4215","Mitsubishi","Xpander","103","จุดบริการลูกค้า 3","ศูนย์ฮอนด้าลาดพร้าว","ช่างเอก","normal","completed","บำรุงรักษาทั่วไป","ซ่อมบำรุงรักษาทั่วไป","ตรวจเช็คบำรุงรักษาทั่วไป","2026-05-31T00:00:00Z","2026-05-31T00:24:00Z","2026-05-31T00:26:00Z","2026-05-31T00:38:00Z","2026-06-04T13:04:00Z","2026-06-05T00:38:00Z","ช่อง 1","2500"
"ฆท-1104","Toyota","Camry","104","จุดบริการลูกค้า 4","อู่ใหญ่บางซื่อ","ช่างสมปอง","urgent","completed","ระบบเครื่องยนต์","ซ่อมระบบเครื่องยนต์","ตรวจเช็คระบบเครื่องยนต์","2026-05-07T00:00:00Z","2026-05-07T00:18:00Z","2026-05-07T00:26:00Z","2026-05-07T00:37:00Z","2026-05-07T20:34:00Z","2026-05-10T00:37:00Z","ช่อง 3","1900"
"นฬ-6967","Ford","Everest","105","จุดบริการลูกค้า 5","อู่ใหญ่บางซื่อ","ช่างสมปอง","normal","completed","ระบบไฟ","ซ่อมระบบไฟ","ตรวจเช็คระบบไฟ","2026-05-19T00:00:00Z","2026-05-19T00:21:00Z","2026-05-19T00:24:00Z","2026-05-19T00:34:00Z","2026-05-19T21:20:00Z","2026-05-21T00:34:00Z","ช่องด่วน","1700"
"ซว-8212","Mitsubishi","Triton","106","จุดบริการลูกค้า 6","อู่ใหญ่บางซื่อ","ช่างสมชาย","normal","completed","ระบบเกียร์","ซ่อมระบบเกียร์","ตรวจเช็คระบบเกียร์","2026-05-07T00:00:00Z","2026-05-07T00:08:00Z","2026-05-07T00:12:00Z","2026-05-07T00:19:00Z","2026-05-07T09:44:00Z","2026-05-10T00:19:00Z","ช่อง 1","3400"
"ฬณ-7628","Toyota","Hilux Revo","107","จุดบริการลูกค้า 7","อู่ช่างนิวรังสิต","ช่างนิว","normal","completed","ระบบเครื่องยนต์","ซ่อมระบบเครื่องยนต์","ตรวจเช็คระบบเครื่องยนต์","2026-05-30T00:00:00Z","2026-05-30T00:15:00Z","2026-05-30T00:23:00Z","2026-05-30T00:34:00Z","2026-06-01T08:05:00Z","2026-06-02T00:34:00Z","ลานจอด","5000"
"ลณ-9081","Ford","Everest","108","จุดบริการลูกค้า 8","อู่ใหญ่บางซื่อ","ช่างสมชาย","urgent","completed","ระบบไฟ","ซ่อมระบบไฟ","ตรวจเช็คระบบไฟ","2026-05-31T00:00:00Z","2026-05-31T00:29:00Z","2026-05-31T00:38:00Z","2026-05-31T00:58:00Z","2026-06-01T11:28:00Z","2026-06-05T00:58:00Z","ลานจอด","4400"
"พณ-9632","Nissan","Almera","109","จุดบริการลูกค้า 9","ศูนย์ฮอนด้าลาดพร้าว","ช่างเอก","high","completed","ระบบเกียร์","ซ่อมระบบเกียร์","ตรวจเช็คระบบเกียร์","2026-05-09T00:00:00Z","2026-05-09T00:05:00Z","2026-05-09T00:07:00Z","2026-05-09T00:16:00Z","2026-05-10T12:37:00Z","2026-05-14T00:16:00Z","ลาน 1","3200"
"งส-2394","Mitsubishi","Pajero","110","จุดบริการลูกค้า 10","อู่ใหญ่บางซื่อ","ช่างสมปอง","normal","in_progress","ระบบปรับอากาศ","ซ่อมระบบปรับอากาศ","ตรวจเช็คระบบปรับอากาศ","2026-06-01T00:00:00Z","2026-06-01T00:16:00Z","2026-06-01T00:18:00Z","2026-06-01T00:33:00Z","","2026-06-07T00:00:00Z","ห้องเครื่อง",""
"ณน-8370","Toyota","Fortuner","111","จุดบริการลูกค้า 11","อู่ช่างนิวรังสิต","ช่างนิว","normal","completed","ระบบเบรก","ซ่อมระบบเบรก","ตรวจเช็คระบบเบรก","2026-05-29T00:00:00Z","2026-05-29T00:26:00Z","2026-05-29T00:29:00Z","2026-05-29T00:36:00Z","2026-05-29T22:13:00Z","2026-05-31T00:36:00Z","ลาน 1","1600"
"ฎห-1711","Honda","Civic","112","จุดบริการลูกค้า 12","อู่ช่างวิทย์ปทุม","ช่างวิทย์","normal","completed","ระบบเครื่องยนต์","ซ่อมระบบเครื่องยนต์","ตรวจเช็คระบบเครื่องยนต์","2026-05-14T00:00:00Z","2026-05-14T00:22:00Z","2026-05-14T00:32:00Z","2026-05-14T00:49:00Z","2026-05-14T21:23:00Z","2026-05-19T00:49:00Z","ช่อง 2","4700"
"ธฑ-9990","Toyota","Hilux Revo","113","จุดบริการลูกค้า 13","อู่ใหญ่บางซื่อ","ช่างสมปอง","normal","completed","ระบบเกียร์","ซ่อมระบบเกียร์","ตรวจเช็คระบบเกียร์","2026-05-17T00:00:00Z","2026-05-17T00:05:00Z","2026-05-17T00:10:00Z","2026-05-17T00:26:00Z","2026-05-17T17:27:00Z","2026-05-20T00:26:00Z","ห้องเครื่อง","2700"
"ปฒ-4002","Mazda","Mazda2","114","จุดบริการลูกค้า 14","ศูนย์ฮอนด้าลาดพร้าว","ช่างเอก","normal","completed","ระบบเครื่องยนต์","ซ่อมระบบเครื่องยนต์","ตรวจเช็คระบบเครื่องยนต์","2026-05-19T00:00:00Z","2026-05-19T00:22:00Z","2026-05-19T00:29:00Z","2026-05-19T00:43:00Z","2026-05-19T02:46:00Z","2026-05-21T00:43:00Z","ช่อง 3","3700"
"ฟล-3372","Mitsubishi","Pajero","115","จุดบริการลูกค้า 15","อู่ช่างวิทย์ปทุม","ช่างวิทย์","normal","completed","ระบบเครื่องยนต์","ซ่อมระบบเครื่องยนต์","ตรวจเช็คระบบเครื่องยนต์","2026-05-22T00:00:00Z","2026-05-22T00:10:00Z","2026-05-22T00:16:00Z","2026-05-22T00:28:00Z","2026-05-22T10:36:00Z","2026-05-25T00:28:00Z","ลานจอด","1500"
"ลด-4259","Toyota","Yaris","116","จุดบริการลูกค้า 16","อู่ช่างนิวรังสิต","ช่างนิว","high","completed","ระบบเกียร์","ซ่อมระบบเกียร์","ตรวจเช็คระบบเกียร์","2026-05-18T00:00:00Z","2026-05-18T00:13:00Z","2026-05-18T00:22:00Z","2026-05-18T00:29:00Z","2026-05-18T06:59:00Z","2026-05-20T00:29:00Z","ลาน 1","4300"
"ชว-5915","Mazda","Mazda2","117","จุดบริการลูกค้า 17","อู่ช่างนิวรังสิต","ช่างนิว","normal","assigned","บำรุงรักษาทั่วไป","ซ่อมบำรุงรักษาทั่วไป","ตรวจเช็คบำรุงรักษาทั่วไป","2026-05-28T00:00:00Z","2026-05-28T00:08:00Z","","","","2026-05-30T00:31:00Z","ช่อง 2",""
"ขฮ-6676","Ford","Ranger","118","จุดบริการลูกค้า 18","อู่ใหญ่บางซื่อ","ช่างสมปอง","high","in_progress","ระบบไฟ","ซ่อมระบบไฟ","ตรวจเช็คระบบไฟ","2026-05-08T00:00:00Z","2026-05-08T00:15:00Z","2026-05-08T00:24:00Z","2026-05-08T00:43:00Z","","2026-06-07T00:00:00Z","ช่องด่วน",""
"ฮห-3163","Nissan","Almera","119","จุดบริการลูกค้า 19","อู่ใหญ่บางซื่อ","ช่างสมปอง","normal","completed","ระบบเบรก","ซ่อมระบบเบรก","ตรวจเช็คระบบเบรก","2026-05-25T00:00:00Z","2026-05-25T00:13:00Z","2026-05-25T00:20:00Z","2026-05-25T00:25:00Z","2026-05-26T04:06:00Z","2026-05-28T00:25:00Z","ห้องเครื่อง","1400"
"ฏฌ-7620","Mazda","CX-5","120","จุดบริการลูกค้า 20","อู่ใหญ่บางซื่อ","ช่างสมชาย","urgent","completed","ระบบเกียร์","ซ่อมระบบเกียร์","ตรวจเช็คระบบเกียร์","2026-05-16T00:00:00Z","2026-05-16T00:22:00Z","2026-05-16T00:24:00Z","2026-05-16T00:31:00Z","2026-05-16T04:46:00Z","2026-05-19T00:31:00Z","ลานจอด","2700"
"ปภ-9959","Ford","Ranger","121","จุดบริการลูกค้า 21","อู่ช่างนิวรังสิต","ช่างนิว","urgent","completed","ระบบไฟ","ซ่อมระบบไฟ","ตรวจเช็คระบบไฟ","2026-05-07T00:00:00Z","2026-05-07T00:29:00Z","2026-05-07T00:34:00Z","2026-05-07T00:54:00Z","2026-05-08T00:55:00Z","2026-05-10T00:54:00Z","ห้องเครื่อง","4600"
"ษศ-4281","Toyota","Camry","122","จุดบริการลูกค้า 22","อู่ช่างนิวรังสิต","ช่างนิว","normal","completed","ระบบช่วงล่าง","ซ่อมระบบช่วงล่าง","ตรวจเช็คระบบช่วงล่าง","2026-05-13T00:00:00Z","2026-05-13T00:15:00Z","2026-05-13T00:19:00Z","2026-05-13T00:33:00Z","2026-05-14T17:08:00Z","2026-05-18T00:33:00Z","ลาน 2","4900"
"ลค-1262","Isuzu","MU-X","123","จุดบริการลูกค้า 23","อู่ช่างวิทย์ปทุม","ช่างวิทย์","normal","in_progress","ระบบเบรก","ซ่อมระบบเบรก","ตรวจเช็คระบบเบรก","2026-05-21T00:00:00Z","2026-05-21T00:19:00Z","2026-05-21T00:22:00Z","2026-05-21T00:41:00Z","","2026-06-06T00:00:00Z","ช่อง 1",""
"ฬฉ-1939","Ford","Everest","124","จุดบริการลูกค้า 24","อู่ใหญ่บางซื่อ","ช่างสมปอง","normal","completed","ระบบไฟ","ซ่อมระบบไฟ","ตรวจเช็คระบบไฟ","2026-05-24T00:00:00Z","2026-05-24T00:28:00Z","2026-05-24T00:30:00Z","2026-05-24T00:50:00Z","2026-05-27T01:27:00Z","2026-05-29T00:50:00Z","ลาน 1","2200"
"มฬ-6283","Ford","Ranger","125","จุดบริการลูกค้า 25","อู่ใหญ่บางซื่อ","ช่างสมชาย","normal","completed","ระบบช่วงล่าง","ซ่อมระบบช่วงล่าง","ตรวจเช็คระบบช่วงล่าง","2026-05-22T00:00:00Z","2026-05-22T00:19:00Z","2026-05-22T00:21:00Z","2026-05-22T00:39:00Z","2026-05-24T01:39:00Z","2026-05-24T00:39:00Z","ช่อง 1","3100"
"พจ-3068","Mitsubishi","Triton","126","จุดบริการลูกค้า 26","อู่ใหญ่บางซื่อ","ช่างสมปอง","normal","in_progress","บำรุงรักษาทั่วไป","ซ่อมบำรุงรักษาทั่วไป","ตรวจเช็คบำรุงรักษาทั่วไป","2026-06-01T00:00:00Z","2026-06-01T00:30:00Z","2026-06-01T00:37:00Z","2026-06-01T00:50:00Z","","2026-06-08T00:00:00Z","ลาน 2",""
"ฅซ-5435","Isuzu","D-Max","127","จุดบริการลูกค้า 27","อู่ช่างวิทย์ปทุม","ช่างวิทย์","normal","completed","ระบบช่วงล่าง","ซ่อมระบบช่วงล่าง","ตรวจเช็คระบบช่วงล่าง","2026-05-15T00:00:00Z","2026-05-15T00:17:00Z","2026-05-15T00:25:00Z","2026-05-15T00:43:00Z","2026-05-15T16:38:00Z","2026-05-18T00:43:00Z","ลาน 1","4100"
"ฏท-4914","Nissan","Terra","128","จุดบริการลูกค้า 28","อู่ใหญ่บางซื่อ","ช่างสมชาย","normal","completed","ระบบไฟ","ซ่อมระบบไฟ","ตรวจเช็คระบบไฟ","2026-05-23T00:00:00Z","2026-05-23T00:20:00Z","2026-05-23T00:23:00Z","2026-05-23T00:37:00Z","2026-05-25T01:37:00Z","2026-05-25T00:37:00Z","ช่องด่วน","3900"
"ฮส-8687","Toyota","Hilux Revo","129","จุดบริการลูกค้า 29","ศูนย์ฮอนด้าลาดพร้าว","ช่างเอก","normal","assigned","ระบบไฟ","ซ่อมระบบไฟ","ตรวจเช็คระบบไฟ","2026-05-10T00:00:00Z","2026-05-10T00:08:00Z","","","","2026-05-12T00:32:00Z","ลาน 1",""
"ธม-8270","Toyota","Fortuner","130","จุดบริการลูกค้า 30","อู่ช่างนิวรังสิต","ช่างนิว","normal","completed","ระบบไฟ","ซ่อมระบบไฟ","ตรวจเช็คระบบไฟ","2026-05-10T00:00:00Z","2026-05-10T00:16:00Z","2026-05-10T00:19:00Z","2026-05-10T00:35:00Z","2026-05-12T06:10:00Z","2026-05-14T00:35:00Z","ห้องเครื่อง","2400"
"ฬร-9833","Isuzu","D-Max","131","จุดบริการลูกค้า 31","อู่ช่างวิทย์ปทุม","ช่างวิทย์","normal","completed","ระบบเครื่องยนต์","ซ่อมระบบเครื่องยนต์","ตรวจเช็คระบบเครื่องยนต์","2026-05-09T00:00:00Z","2026-05-09T00:19:00Z","2026-05-09T00:29:00Z","2026-05-09T00:37:00Z","2026-05-12T17:15:00Z","2026-05-14T00:37:00Z","ช่อง 3","4800"
"ณง-4120","Honda","HR-V","132","จุดบริการลูกค้า 32","อู่ใหญ่บางซื่อ","ช่างสมชาย","normal","completed","ระบบช่วงล่าง","ซ่อมระบบช่วงล่าง","ตรวจเช็คระบบช่วงล่าง","2026-05-24T00:00:00Z","2026-05-24T00:29:00Z","2026-05-24T00:34:00Z","2026-05-24T00:46:00Z","2026-05-25T03:08:00Z","2026-05-26T00:46:00Z","ลาน 2","2900"
"ฝฟ-8196","Mazda","Mazda2","133","จุดบริการลูกค้า 33","อู่ช่างวิทย์ปทุม","ช่างวิทย์","normal","completed","ระบบช่วงล่าง","ซ่อมระบบช่วงล่าง","ตรวจเช็คระบบช่วงล่าง","2026-05-27T00:00:00Z","2026-05-27T00:05:00Z","2026-05-27T00:14:00Z","2026-05-27T00:26:00Z","2026-05-27T18:14:00Z","2026-05-29T00:26:00Z","ลานจอด","900"
"มฬ-3782","Ford","Ranger","134","จุดบริการลูกค้า 34","อู่ช่างวิทย์ปทุม","ช่างวิทย์","normal","completed","บำรุงรักษาทั่วไป","ซ่อมบำรุงรักษาทั่วไป","ตรวจเช็คบำรุงรักษาทั่วไป","2026-05-12T00:00:00Z","2026-05-12T00:23:00Z","2026-05-12T00:27:00Z","2026-05-12T00:38:00Z","2026-05-12T11:52:00Z","2026-05-14T00:38:00Z","ลาน 1","4300"
"ฮพ-2384","Honda","Civic","135","จุดบริการลูกค้า 35","อู่ช่างนิวรังสิต","ช่างนิว","urgent","completed","ระบบเครื่องยนต์","ซ่อมระบบเครื่องยนต์","ตรวจเช็คระบบเครื่องยนต์","2026-05-22T00:00:00Z","2026-05-22T00:21:00Z","2026-05-22T00:23:00Z","2026-05-22T00:43:00Z","2026-05-24T01:09:00Z","2026-05-26T00:43:00Z","ช่อง 3","2000"
"ทว-2610","Mazda","BT-50","136","จุดบริการลูกค้า 36","อู่ช่างวิทย์ปทุม","ช่างวิทย์","normal","completed","ระบบปรับอากาศ","ซ่อมระบบปรับอากาศ","ตรวจเช็คระบบปรับอากาศ","2026-05-17T00:00:00Z","2026-05-17T00:07:00Z","2026-05-17T00:14:00Z","2026-05-17T00:29:00Z","2026-05-18T18:47:00Z","2026-05-22T00:29:00Z","ลานจอด","3400"
"มถ-1718","Mitsubishi","Xpander","137","จุดบริการลูกค้า 37","อู่ช่างนิวรังสิต","ช่างนิว","high","completed","ระบบช่วงล่าง","ซ่อมระบบช่วงล่าง","ตรวจเช็คระบบช่วงล่าง","2026-05-06T00:00:00Z","2026-05-06T00:18:00Z","2026-05-06T00:22:00Z","2026-05-06T00:42:00Z","2026-05-08T09:57:00Z","2026-05-09T00:42:00Z","ช่อง 2","3800"
"ทง-5636","Nissan","Kicks","138","จุดบริการลูกค้า 38","ศูนย์ฮอนด้าลาดพร้าว","ช่างเอก","normal","in_progress","ระบบช่วงล่าง","ซ่อมระบบช่วงล่าง","ตรวจเช็คระบบช่วงล่าง","2026-05-20T00:00:00Z","2026-05-20T00:10:00Z","2026-05-20T00:19:00Z","2026-05-20T00:29:00Z","","2026-06-08T00:00:00Z","ช่องด่วน",""
"ทถ-1730","Toyota","Hilux Revo","139","จุดบริการลูกค้า 39","ศูนย์ฮอนด้าลาดพร้าว","ช่างเอก","urgent","completed","ระบบเกียร์","ซ่อมระบบเกียร์","ตรวจเช็คระบบเกียร์","2026-05-25T00:00:00Z","2026-05-25T00:08:00Z","2026-05-25T00:17:00Z","2026-05-25T00:35:00Z","2026-05-25T10:40:00Z","2026-05-28T00:35:00Z","ห้องเครื่อง","4900"
"นธ-4863","Nissan","Navara","140","จุดบริการลูกค้า 40","อู่ช่างวิทย์ปทุม","ช่างวิทย์","normal","reported","ระบบปรับอากาศ","ซ่อมระบบปรับอากาศ","ตรวจเช็คระบบปรับอากาศ","2026-06-01T00:00:00Z","","","","","2026-06-05T00:53:00Z","ลานจอด",""
"รฒ-7693","Honda","Accord","141","จุดบริการลูกค้า 41","ศูนย์ฮอนด้าลาดพร้าว","ช่างเอก","normal","completed","ระบบเครื่องยนต์","ซ่อมระบบเครื่องยนต์","ตรวจเช็คระบบเครื่องยนต์","2026-05-24T00:00:00Z","2026-05-24T00:08:00Z","2026-05-24T00:18:00Z","2026-05-24T00:36:00Z","2026-05-27T16:21:00Z","2026-05-29T00:36:00Z","ลานจอด","3900"
"ซม-9736","Mazda","Mazda3","142","จุดบริการลูกค้า 42","ศูนย์ฮอนด้าลาดพร้าว","ช่างเอก","normal","completed","ระบบเกียร์","ซ่อมระบบเกียร์","ตรวจเช็คระบบเกียร์","2026-06-03T00:00:00Z","2026-06-03T00:23:00Z","2026-06-03T00:27:00Z","2026-06-03T00:34:00Z","2026-06-05T07:03:00Z","2026-06-06T00:34:00Z","ช่องด่วน","5000"
"บฌ-5184","Mitsubishi","Pajero","143","จุดบริการลูกค้า 43","ศูนย์ฮอนด้าลาดพร้าว","ช่างเอก","normal","completed","ระบบเกียร์","ซ่อมระบบเกียร์","ตรวจเช็คระบบเกียร์","2026-05-27T00:00:00Z","2026-05-27T00:16:00Z","2026-05-27T00:24:00Z","2026-05-27T00:39:00Z","2026-05-28T06:11:00Z","2026-06-01T00:39:00Z","ลานจอด","700"
"งฏ-6106","Ford","Ranger","144","จุดบริการลูกค้า 44","อู่ช่างวิทย์ปทุม","ช่างวิทย์","normal","completed","ระบบเครื่องยนต์","ซ่อมระบบเครื่องยนต์","ตรวจเช็คระบบเครื่องยนต์","2026-05-27T00:00:00Z","2026-05-27T00:07:00Z","2026-05-27T00:09:00Z","2026-05-27T00:15:00Z","2026-05-27T21:02:00Z","2026-05-30T00:15:00Z","ช่องด่วน","4700"
"คบ-9310","Mazda","Mazda3","145","จุดบริการลูกค้า 45","ศูนย์ฮอนด้าลาดพร้าว","ช่างเอก","normal","completed","ระบบเกียร์","ซ่อมระบบเกียร์","ตรวจเช็คระบบเกียร์","2026-05-20T00:00:00Z","2026-05-20T00:24:00Z","2026-05-20T00:27:00Z","2026-05-20T00:40:00Z","2026-05-21T08:30:00Z","2026-05-23T00:40:00Z","ห้องเครื่อง","1900"
"จป-7387","Mitsubishi","Triton","146","จุดบริการลูกค้า 46","อู่ช่างวิทย์ปทุม","ช่างวิทย์","normal","completed","ระบบเครื่องยนต์","ซ่อมระบบเครื่องยนต์","ตรวจเช็คระบบเครื่องยนต์","2026-05-15T00:00:00Z","2026-05-15T00:30:00Z","2026-05-15T00:33:00Z","2026-05-15T00:47:00Z","2026-05-17T13:40:00Z","2026-05-19T00:47:00Z","ช่อง 4","2900"
"ภฐ-5359","Mitsubishi","Triton","147","จุดบริการลูกค้า 47","ศูนย์ฮอนด้าลาดพร้าว","ช่างเอก","normal","completed","ระบบเบรก","ซ่อมระบบเบรก","ตรวจเช็คระบบเบรก","2026-05-24T00:00:00Z","2026-05-24T00:29:00Z","2026-05-24T00:33:00Z","2026-05-24T00:53:00Z","2026-05-24T04:38:00Z","2026-05-29T00:53:00Z","ช่อง 3","5000"
"ฬท-9084","Toyota","Fortuner","148","จุดบริการลูกค้า 48","อู่ช่างวิทย์ปทุม","ช่างวิทย์","normal","completed","ระบบไฟ","ซ่อมระบบไฟ","ตรวจเช็คระบบไฟ","2026-05-08T00:00:00Z","2026-05-08T00:17:00Z","2026-05-08T00:19:00Z","2026-05-08T00:34:00Z","2026-05-08T08:42:00Z","2026-05-12T00:34:00Z","ห้องเครื่อง","900"
"ฟด-4760","Ford","Ranger","149","จุดบริการลูกค้า 49","อู่ช่างวิทย์ปทุม","ช่างวิทย์","normal","completed","ระบบเบรก","ซ่อมระบบเบรก","ตรวจเช็คระบบเบรก","2026-05-10T00:00:00Z","2026-05-10T00:26:00Z","2026-05-10T00:33:00Z","2026-05-10T00:49:00Z","2026-05-10T16:03:00Z","2026-05-12T00:49:00Z","ช่องด่วน","2000"
"ศผ-1639","Honda","Civic","150","จุดบริการลูกค้า 50","อู่ใหญ่บางซื่อ","ช่างสมปอง","normal","in_progress","ระบบเบรก","ซ่อมระบบเบรก","ตรวจเช็คระบบเบรก","2026-05-24T00:00:00Z","2026-05-24T00:29:00Z","2026-05-24T00:33:00Z","2026-05-24T00:39:00Z","","2026-06-09T00:00:00Z","ช่อง 3",""
"ฝฑ-4750","Honda","CR-V","151","จุดบริการลูกค้า 51","อู่ช่างวิทย์ปทุม","ช่างวิทย์","normal","completed","ระบบเครื่องยนต์","ซ่อมระบบเครื่องยนต์","ตรวจเช็คระบบเครื่องยนต์","2026-05-22T00:00:00Z","2026-05-22T00:29:00Z","2026-05-22T00:34:00Z","2026-05-22T00:41:00Z","2026-05-24T12:15:00Z","2026-05-25T00:41:00Z","ห้องเครื่อง","1600"
"ผฌ-5198","Isuzu","D-Max","152","จุดบริการลูกค้า 52","อู่ช่างวิทย์ปทุม","ช่างวิทย์","normal","completed","บำรุงรักษาทั่วไป","ซ่อมบำรุงรักษาทั่วไป","ตรวจเช็คบำรุงรักษาทั่วไป","2026-05-08T00:00:00Z","2026-05-08T00:27:00Z","2026-05-08T00:30:00Z","2026-05-08T00:49:00Z","2026-05-10T01:44:00Z","2026-05-11T00:49:00Z","ช่องด่วน","4800"
"ญพ-6587","Nissan","Terra","153","จุดบริการลูกค้า 53","อู่ช่างวิทย์ปทุม","ช่างวิทย์","normal","completed","บำรุงรักษาทั่วไป","ซ่อมบำรุงรักษาทั่วไป","ตรวจเช็คบำรุงรักษาทั่วไป","2026-05-19T00:00:00Z","2026-05-19T00:06:00Z","2026-05-19T00:14:00Z","2026-05-19T00:32:00Z","2026-05-20T09:34:00Z","2026-05-22T00:32:00Z","ช่อง 3","2900"
"ตง-3467","Isuzu","D-Max","154","จุดบริการลูกค้า 54","ศูนย์ฮอนด้าลาดพร้าว","ช่างเอก","normal","completed","บำรุงรักษาทั่วไป","ซ่อมบำรุงรักษาทั่วไป","ตรวจเช็คบำรุงรักษาทั่วไป","2026-06-03T00:00:00Z","2026-06-03T00:20:00Z","2026-06-03T00:25:00Z","2026-06-03T00:31:00Z","2026-06-05T04:50:00Z","2026-06-06T00:31:00Z","ลานจอด","4900"
"สธ-3431","Mitsubishi","Xpander","155","จุดบริการลูกค้า 55","ศูนย์ฮอนด้าลาดพร้าว","ช่างเอก","normal","completed","ระบบช่วงล่าง","ซ่อมระบบช่วงล่าง","ตรวจเช็คระบบช่วงล่าง","2026-05-19T00:00:00Z","2026-05-19T00:17:00Z","2026-05-19T00:26:00Z","2026-05-19T00:36:00Z","2026-05-20T20:11:00Z","2026-05-22T00:36:00Z","ลาน 2","4600"
"ฝช-4794","Mitsubishi","Triton","156","จุดบริการลูกค้า 56","อู่ช่างวิทย์ปทุม","ช่างวิทย์","urgent","completed","ระบบเบรก","ซ่อมระบบเบรก","ตรวจเช็คระบบเบรก","2026-05-10T00:00:00Z","2026-05-10T00:26:00Z","2026-05-10T00:34:00Z","2026-05-10T00:52:00Z","2026-05-14T03:19:00Z","2026-05-15T00:52:00Z","ช่อง 1","3100"
"มน-5276","Mitsubishi","Xpander","157","จุดบริการลูกค้า 57","อู่ช่างวิทย์ปทุม","ช่างวิทย์","normal","completed","ระบบเบรก","ซ่อมระบบเบรก","ตรวจเช็คระบบเบรก","2026-05-10T00:00:00Z","2026-05-10T00:12:00Z","2026-05-10T00:21:00Z","2026-05-10T00:40:00Z","2026-05-11T13:22:00Z","2026-05-15T00:40:00Z","ลาน 2","3500"
"ทซ-6295","Nissan","Navara","158","จุดบริการลูกค้า 58","อู่ใหญ่บางซื่อ","ช่างสมปอง","normal","completed","ระบบเบรก","ซ่อมระบบเบรก","ตรวจเช็คระบบเบรก","2026-05-21T00:00:00Z","2026-05-21T00:26:00Z","2026-05-21T00:33:00Z","2026-05-21T00:38:00Z","2026-05-24T02:38:00Z","2026-05-25T00:38:00Z","ช่อง 1","1700"
"ถก-2286","Toyota","Fortuner","159","จุดบริการลูกค้า 59","อู่ใหญ่บางซื่อ","ช่างสมชาย","normal","completed","ระบบเกียร์","ซ่อมระบบเกียร์","ตรวจเช็คระบบเกียร์","2026-05-26T00:00:00Z","2026-05-26T00:14:00Z","2026-05-26T00:24:00Z","2026-05-26T00:43:00Z","2026-05-29T00:54:00Z","2026-05-31T00:43:00Z","ช่องด่วน","1600"
"ซฐ-5416","Ford","Everest","160","จุดบริการลูกค้า 60","อู่ใหญ่บางซื่อ","ช่างสมปอง","normal","completed","ระบบเบรก","ซ่อมระบบเบรก","ตรวจเช็คระบบเบรก","2026-06-01T00:00:00Z","2026-06-01T00:27:00Z","2026-06-01T00:32:00Z","2026-06-01T00:49:00Z","2026-06-03T14:41:00Z","2026-06-04T00:49:00Z","ห้องเครื่อง","3800"
"ธซ-1202","Nissan","Navara","161","จุดบริการลูกค้า 61","อู่ช่างวิทย์ปทุม","ช่างวิทย์","normal","completed","ระบบเครื่องยนต์","ซ่อมระบบเครื่องยนต์","ตรวจเช็คระบบเครื่องยนต์","2026-05-23T00:00:00Z","2026-05-23T00:22:00Z","2026-05-23T00:24:00Z","2026-05-23T00:40:00Z","2026-05-23T14:45:00Z","2026-05-25T00:40:00Z","ห้องเครื่อง","4600"
"อป-5626","Mitsubishi","Xpander","162","จุดบริการลูกค้า 62","อู่ช่างนิวรังสิต","ช่างนิว","normal","completed","บำรุงรักษาทั่วไป","ซ่อมบำรุงรักษาทั่วไป","ตรวจเช็คบำรุงรักษาทั่วไป","2026-05-19T00:00:00Z","2026-05-19T00:15:00Z","2026-05-19T00:17:00Z","2026-05-19T00:36:00Z","2026-05-22T01:36:00Z","2026-05-22T00:36:00Z","ห้องเครื่อง","900"
"ถฮ-1770","Isuzu","D-Max","163","จุดบริการลูกค้า 63","อู่ช่างนิวรังสิต","ช่างนิว","normal","completed","ระบบปรับอากาศ","ซ่อมระบบปรับอากาศ","ตรวจเช็คระบบปรับอากาศ","2026-05-21T00:00:00Z","2026-05-21T00:09:00Z","2026-05-21T00:19:00Z","2026-05-21T00:36:00Z","2026-05-21T19:07:00Z","2026-05-25T00:36:00Z","ช่อง 1","3800"
"ยฐ-7602","Isuzu","D-Max","164","จุดบริการลูกค้า 64","ศูนย์ฮอนด้าลาดพร้าว","ช่างเอก","normal","completed","บำรุงรักษาทั่วไป","ซ่อมบำรุงรักษาทั่วไป","ตรวจเช็คบำรุงรักษาทั่วไป","2026-05-19T00:00:00Z","2026-05-19T00:07:00Z","2026-05-19T00:17:00Z","2026-05-19T00:37:00Z","2026-05-19T20:22:00Z","2026-05-23T00:37:00Z","ลาน 2","2400"
"หฬ-9004","Isuzu","D-Max","165","จุดบริการลูกค้า 65","อู่ช่างวิทย์ปทุม","ช่างวิทย์","normal","completed","บำรุงรักษาทั่วไป","ซ่อมบำรุงรักษาทั่วไป","ตรวจเช็คบำรุงรักษาทั่วไป","2026-05-19T00:00:00Z","2026-05-19T00:05:00Z","2026-05-19T00:08:00Z","2026-05-19T00:21:00Z","2026-05-20T05:45:00Z","2026-05-23T00:21:00Z","ช่องด่วน","1000"
"ฆฉ-7098","Nissan","Almera","166","จุดบริการลูกค้า 66","ศูนย์ฮอนด้าลาดพร้าว","ช่างเอก","normal","in_progress","ระบบเครื่องยนต์","ซ่อมระบบเครื่องยนต์","ตรวจเช็คระบบเครื่องยนต์","2026-05-07T00:00:00Z","2026-05-07T00:17:00Z","2026-05-07T00:21:00Z","2026-05-07T00:32:00Z","","2026-06-09T00:00:00Z","ช่อง 1",""
"ลณ-7122","Nissan","Almera","167","จุดบริการลูกค้า 67","ศูนย์ฮอนด้าลาดพร้าว","ช่างเอก","normal","completed","บำรุงรักษาทั่วไป","ซ่อมบำรุงรักษาทั่วไป","ตรวจเช็คบำรุงรักษาทั่วไป","2026-06-03T00:00:00Z","2026-06-03T00:23:00Z","2026-06-03T00:32:00Z","2026-06-03T00:48:00Z","2026-06-04T05:41:00Z","2026-06-07T00:48:00Z","ช่องด่วน","3200"
"ลฮ-3030","Toyota","Hilux Revo","168","จุดบริการลูกค้า 68","อู่ใหญ่บางซื่อ","ช่างสมปอง","normal","completed","บำรุงรักษาทั่วไป","ซ่อมบำรุงรักษาทั่วไป","ตรวจเช็คบำรุงรักษาทั่วไป","2026-05-22T00:00:00Z","2026-05-22T00:06:00Z","2026-05-22T00:12:00Z","2026-05-22T00:25:00Z","2026-05-24T19:32:00Z","2026-05-27T00:25:00Z","ห้องเครื่อง","1800"
"ยญ-2070","Mitsubishi","Pajero","169","จุดบริการลูกค้า 69","อู่ใหญ่บางซื่อ","ช่างสมชาย","normal","completed","บำรุงรักษาทั่วไป","ซ่อมบำรุงรักษาทั่วไป","ตรวจเช็คบำรุงรักษาทั่วไป","2026-05-10T00:00:00Z","2026-05-10T00:28:00Z","2026-05-10T00:30:00Z","2026-05-10T00:37:00Z","2026-05-14T05:37:00Z","2026-05-14T00:37:00Z","ช่อง 1","800"
"รฝ-9237","Ford","Ranger","170","จุดบริการลูกค้า 70","อู่ช่างนิวรังสิต","ช่างนิว","normal","in_progress","บำรุงรักษาทั่วไป","ซ่อมบำรุงรักษาทั่วไป","ตรวจเช็คบำรุงรักษาทั่วไป","2026-05-26T00:00:00Z","2026-05-26T00:20:00Z","2026-05-26T00:22:00Z","2026-05-26T00:35:00Z","","2026-06-08T00:00:00Z","ช่อง 3",""
"ฏห-8210","Isuzu","D-Max","171","จุดบริการลูกค้า 71","อู่ใหญ่บางซื่อ","ช่างสมปอง","normal","completed","ระบบเกียร์","ซ่อมระบบเกียร์","ตรวจเช็คระบบเกียร์","2026-05-26T00:00:00Z","2026-05-26T00:29:00Z","2026-05-26T00:35:00Z","2026-05-26T00:48:00Z","2026-05-28T11:05:00Z","2026-05-30T00:48:00Z","ช่อง 4","4000"
"หง-3601","Ford","Everest","172","จุดบริการลูกค้า 72","อู่ช่างวิทย์ปทุม","ช่างวิทย์","normal","completed","บำรุงรักษาทั่วไป","ซ่อมบำรุงรักษาทั่วไป","ตรวจเช็คบำรุงรักษาทั่วไป","2026-06-02T00:00:00Z","2026-06-02T00:05:00Z","2026-06-02T00:13:00Z","2026-06-02T00:29:00Z","2026-06-05T10:29:00Z","2026-06-05T00:29:00Z","ช่อง 2","4400"
"ทด-3805","Mazda","CX-5","173","จุดบริการลูกค้า 73","อู่ช่างวิทย์ปทุม","ช่างวิทย์","normal","completed","ระบบไฟ","ซ่อมระบบไฟ","ตรวจเช็คระบบไฟ","2026-05-22T00:00:00Z","2026-05-22T00:30:00Z","2026-05-22T00:40:00Z","2026-05-22T00:45:00Z","2026-05-22T10:39:00Z","2026-05-25T00:45:00Z","ช่อง 1","3700"
"ฌฬ-2611","Mazda","BT-50","174","จุดบริการลูกค้า 74","อู่ช่างนิวรังสิต","ช่างนิว","normal","completed","บำรุงรักษาทั่วไป","ซ่อมบำรุงรักษาทั่วไป","ตรวจเช็คบำรุงรักษาทั่วไป","2026-05-14T00:00:00Z","2026-05-14T00:14:00Z","2026-05-14T00:18:00Z","2026-05-14T00:32:00Z","2026-05-17T00:33:00Z","2026-05-19T00:32:00Z","ช่อง 2","4600"
"ขผ-1526","Honda","HR-V","175","จุดบริการลูกค้า 75","อู่ช่างนิวรังสิต","ช่างนิว","normal","completed","ระบบไฟ","ซ่อมระบบไฟ","ตรวจเช็คระบบไฟ","2026-05-12T00:00:00Z","2026-05-12T00:07:00Z","2026-05-12T00:12:00Z","2026-05-12T00:20:00Z","2026-05-12T04:58:00Z","2026-05-14T00:20:00Z","ลาน 2","4500"
"ฃฟ-6576","Toyota","Vios","176","จุดบริการลูกค้า 76","อู่ช่างนิวรังสิต","ช่างนิว","high","completed","ระบบปรับอากาศ","ซ่อมระบบปรับอากาศ","ตรวจเช็คระบบปรับอากาศ","2026-05-27T00:00:00Z","2026-05-27T00:20:00Z","2026-05-27T00:24:00Z","2026-05-27T00:41:00Z","2026-05-28T19:06:00Z","2026-05-30T00:41:00Z","ช่อง 4","1900"
"จม-2320","Mitsubishi","Triton","177","จุดบริการลูกค้า 77","อู่ช่างนิวรังสิต","ช่างนิว","normal","completed","ระบบเกียร์","ซ่อมระบบเกียร์","ตรวจเช็คระบบเกียร์","2026-05-19T00:00:00Z","2026-05-19T00:15:00Z","2026-05-19T00:18:00Z","2026-05-19T00:32:00Z","2026-05-19T06:46:00Z","2026-05-21T00:32:00Z","ลานจอด","1200"
"จอ-6662","Honda","HR-V","178","จุดบริการลูกค้า 78","อู่ใหญ่บางซื่อ","ช่างสมปอง","urgent","completed","ระบบเครื่องยนต์","ซ่อมระบบเครื่องยนต์","ตรวจเช็คระบบเครื่องยนต์","2026-05-20T00:00:00Z","2026-05-20T00:18:00Z","2026-05-20T00:24:00Z","2026-05-20T00:44:00Z","2026-05-20T16:40:00Z","2026-05-25T00:44:00Z","ช่องด่วน","4300"
"ฌซ-9617","Toyota","Yaris","179","จุดบริการลูกค้า 79","ศูนย์ฮอนด้าลาดพร้าว","ช่างเอก","urgent","completed","ระบบไฟ","ซ่อมระบบไฟ","ตรวจเช็คระบบไฟ","2026-05-19T00:00:00Z","2026-05-19T00:12:00Z","2026-05-19T00:15:00Z","2026-05-19T00:29:00Z","2026-05-24T06:29:00Z","2026-05-24T00:29:00Z","ช่อง 1","600"
"บฅ-7252","Honda","CR-V","180","จุดบริการลูกค้า 80","อู่ช่างนิวรังสิต","ช่างนิว","urgent","completed","บำรุงรักษาทั่วไป","ซ่อมบำรุงรักษาทั่วไป","ตรวจเช็คบำรุงรักษาทั่วไป","2026-05-08T00:00:00Z","2026-05-08T00:25:00Z","2026-05-08T00:34:00Z","2026-05-08T00:45:00Z","2026-05-13T09:45:00Z","2026-05-13T00:45:00Z","ห้องเครื่อง","3700"
"ฝม-1849","Isuzu","D-Max","181","จุดบริการลูกค้า 81","อู่ช่างวิทย์ปทุม","ช่างวิทย์","normal","in_progress","บำรุงรักษาทั่วไป","ซ่อมบำรุงรักษาทั่วไป","ตรวจเช็คบำรุงรักษาทั่วไป","2026-05-19T00:00:00Z","2026-05-19T00:23:00Z","2026-05-19T00:27:00Z","2026-05-19T00:44:00Z","","2026-06-08T00:00:00Z","ลานจอด",""
"บฉ-7870","Isuzu","MU-X","182","จุดบริการลูกค้า 82","อู่ช่างนิวรังสิต","ช่างนิว","normal","completed","ระบบช่วงล่าง","ซ่อมระบบช่วงล่าง","ตรวจเช็คระบบช่วงล่าง","2026-05-28T00:00:00Z","2026-05-28T00:06:00Z","2026-05-28T00:10:00Z","2026-05-28T00:15:00Z","2026-05-29T12:16:00Z","2026-05-31T00:15:00Z","ช่องด่วน","4000"
"ยซ-1472","Mazda","CX-5","183","จุดบริการลูกค้า 83","อู่ใหญ่บางซื่อ","ช่างสมชาย","normal","completed","ระบบปรับอากาศ","ซ่อมระบบปรับอากาศ","ตรวจเช็คระบบปรับอากาศ","2026-05-12T00:00:00Z","2026-05-12T00:26:00Z","2026-05-12T00:33:00Z","2026-05-12T00:40:00Z","2026-05-12T19:46:00Z","2026-05-16T00:40:00Z","ช่อง 3","1200"
"วส-1761","Mazda","BT-50","184","จุดบริการลูกค้า 84","อู่ช่างนิวรังสิต","ช่างนิว","normal","completed","ระบบช่วงล่าง","ซ่อมระบบช่วงล่าง","ตรวจเช็คระบบช่วงล่าง","2026-05-20T00:00:00Z","2026-05-20T00:21:00Z","2026-05-20T00:26:00Z","2026-05-20T00:34:00Z","2026-05-23T07:54:00Z","2026-05-25T00:34:00Z","ช่อง 2","2200"
"กง-4320","Ford","Everest","185","จุดบริการลูกค้า 85","อู่ช่างวิทย์ปทุม","ช่างวิทย์","urgent","completed","ระบบไฟ","ซ่อมระบบไฟ","ตรวจเช็คระบบไฟ","2026-05-21T00:00:00Z","2026-05-21T00:05:00Z","2026-05-21T00:14:00Z","2026-05-21T00:32:00Z","2026-05-23T02:42:00Z","2026-05-24T00:32:00Z","ช่องด่วน","1600"
"บฒ-7385","Ford","Everest","186","จุดบริการลูกค้า 86","อู่ช่างนิวรังสิต","ช่างนิว","normal","completed","ระบบไฟ","ซ่อมระบบไฟ","ตรวจเช็คระบบไฟ","2026-05-14T00:00:00Z","2026-05-14T00:22:00Z","2026-05-14T00:31:00Z","2026-05-14T00:40:00Z","2026-05-14T22:12:00Z","2026-05-18T00:40:00Z","ช่อง 2","600"
"ฆง-9140","Isuzu","MU-X","187","จุดบริการลูกค้า 87","อู่ใหญ่บางซื่อ","ช่างสมปอง","normal","in_progress","ระบบเบรก","ซ่อมระบบเบรก","ตรวจเช็คระบบเบรก","2026-05-16T00:00:00Z","2026-05-16T00:10:00Z","2026-05-16T00:12:00Z","2026-05-16T00:17:00Z","","2026-06-07T00:00:00Z","ลาน 2",""
"ฝก-6456","Ford","Ranger","188","จุดบริการลูกค้า 88","ศูนย์ฮอนด้าลาดพร้าว","ช่างเอก","normal","completed","ระบบไฟ","ซ่อมระบบไฟ","ตรวจเช็คระบบไฟ","2026-05-22T00:00:00Z","2026-05-22T00:15:00Z","2026-05-22T00:20:00Z","2026-05-22T00:25:00Z","2026-05-23T14:21:00Z","2026-05-25T00:25:00Z","ช่องด่วน","2200"
"ชท-2837","Isuzu","MU-X","189","จุดบริการลูกค้า 89","อู่ใหญ่บางซื่อ","ช่างสมชาย","normal","completed","ระบบไฟ","ซ่อมระบบไฟ","ตรวจเช็คระบบไฟ","2026-06-03T00:00:00Z","2026-06-03T00:17:00Z","2026-06-03T00:25:00Z","2026-06-03T00:37:00Z","2026-06-04T14:03:00Z","2026-06-08T00:37:00Z","ช่องด่วน","2600"
"ฌก-3133","Honda","City","190","จุดบริการลูกค้า 90","อู่ใหญ่บางซื่อ","ช่างสมชาย","normal","completed","ระบบเกียร์","ซ่อมระบบเกียร์","ตรวจเช็คระบบเกียร์","2026-05-17T00:00:00Z","2026-05-17T00:11:00Z","2026-05-17T00:16:00Z","2026-05-17T00:33:00Z","2026-05-19T07:02:00Z","2026-05-20T00:33:00Z","ลานจอด","2100"
"ลฉ-2651","Ford","Everest","191","จุดบริการลูกค้า 91","อู่ช่างวิทย์ปทุม","ช่างวิทย์","normal","completed","ระบบเครื่องยนต์","ซ่อมระบบเครื่องยนต์","ตรวจเช็คระบบเครื่องยนต์","2026-05-17T00:00:00Z","2026-05-17T00:05:00Z","2026-05-17T00:08:00Z","2026-05-17T00:23:00Z","2026-05-18T10:42:00Z","2026-05-21T00:23:00Z","ช่อง 1","2200"
"ศฐ-3939","Mazda","BT-50","192","จุดบริการลูกค้า 92","ศูนย์ฮอนด้าลาดพร้าว","ช่างเอก","normal","completed","ระบบเกียร์","ซ่อมระบบเกียร์","ตรวจเช็คระบบเกียร์","2026-05-21T00:00:00Z","2026-05-21T00:09:00Z","2026-05-21T00:12:00Z","2026-05-21T00:28:00Z","2026-05-25T06:06:00Z","2026-05-26T00:28:00Z","ห้องเครื่อง","2400"
"ฟฟ-8528","Honda","CR-V","193","จุดบริการลูกค้า 93","อู่ช่างวิทย์ปทุม","ช่างวิทย์","normal","completed","ระบบปรับอากาศ","ซ่อมระบบปรับอากาศ","ตรวจเช็คระบบปรับอากาศ","2026-05-27T00:00:00Z","2026-05-27T00:07:00Z","2026-05-27T00:13:00Z","2026-05-27T00:33:00Z","2026-05-28T11:36:00Z","2026-05-30T00:33:00Z","ช่อง 4","1700"
"ศท-2612","Mazda","BT-50","194","จุดบริการลูกค้า 94","อู่ใหญ่บางซื่อ","ช่างสมชาย","normal","completed","ระบบเบรก","ซ่อมระบบเบรก","ตรวจเช็คระบบเบรก","2026-05-06T00:00:00Z","2026-05-06T00:24:00Z","2026-05-06T00:33:00Z","2026-05-06T00:42:00Z","2026-05-08T12:38:00Z","2026-05-09T00:42:00Z","ช่อง 3","3600"
"ฆฉ-6315","Mazda","BT-50","195","จุดบริการลูกค้า 95","ศูนย์ฮอนด้าลาดพร้าว","ช่างเอก","normal","completed","ระบบช่วงล่าง","ซ่อมระบบช่วงล่าง","ตรวจเช็คระบบช่วงล่าง","2026-05-17T00:00:00Z","2026-05-17T00:13:00Z","2026-05-17T00:21:00Z","2026-05-17T00:26:00Z","2026-05-17T08:17:00Z","2026-05-20T00:26:00Z","ลาน 2","3100"
"ถย-5204","Nissan","Terra","196","จุดบริการลูกค้า 96","อู่ใหญ่บางซื่อ","ช่างสมปอง","normal","in_progress","ระบบช่วงล่าง","ซ่อมระบบช่วงล่าง","ตรวจเช็คระบบช่วงล่าง","2026-05-17T00:00:00Z","2026-05-17T00:22:00Z","2026-05-17T00:31:00Z","2026-05-17T00:40:00Z","","2026-06-06T00:00:00Z","ลานจอด",""
"ฟฒ-6009","Mitsubishi","Xpander","197","จุดบริการลูกค้า 97","อู่ช่างวิทย์ปทุม","ช่างวิทย์","normal","completed","ระบบเกียร์","ซ่อมระบบเกียร์","ตรวจเช็คระบบเกียร์","2026-05-07T00:00:00Z","2026-05-07T00:30:00Z","2026-05-07T00:37:00Z","2026-05-07T00:48:00Z","2026-05-08T20:48:00Z","2026-05-10T00:48:00Z","ลาน 1","4300"
"ฑษ-1113","Honda","CR-V","198","จุดบริการลูกค้า 98","อู่ช่างวิทย์ปทุม","ช่างวิทย์","normal","completed","ระบบเครื่องยนต์","ซ่อมระบบเครื่องยนต์","ตรวจเช็คระบบเครื่องยนต์","2026-05-20T00:00:00Z","2026-05-20T00:21:00Z","2026-05-20T00:26:00Z","2026-05-20T00:39:00Z","2026-05-22T22:50:00Z","2026-05-25T00:39:00Z","ช่อง 4","3900"
"ขพ-6022","Mitsubishi","Xpander","199","จุดบริการลูกค้า 99","ศูนย์ฮอนด้าลาดพร้าว","ช่างเอก","urgent","completed","ระบบเบรก","ซ่อมระบบเบรก","ตรวจเช็คระบบเบรก","2026-05-15T00:00:00Z","2026-05-15T00:23:00Z","2026-05-15T00:33:00Z","2026-05-15T00:41:00Z","2026-05-17T02:45:00Z","2026-05-18T00:41:00Z","ห้องเครื่อง","1500"